Sample,Amplitude(V)
0.000000000000000000e+00,3.225806451612900361e-02
1.000000000000000000e+00,3.570021634537761529e-02
2.000000000000000000e+00,3.914236817462622697e-02
3.000000000000000000e+00,4.258452000387484560e-02
4.000000000000000000e+00,4.645936258839485078e-02
5.000000000000000000e+00,5.162259033226773708e-02
6.000000000000000000e+00,5.678581807614062338e-02
7.000000000000000000e+00,6.194904582001350968e-02
8.000000000000000000e+00,6.566997104631507043e-02
9.000000000000000000e+00,6.796473893248081155e-02
1.000000000000000000e+01,7.025950681864655267e-02
1.100000000000000000e+01,7.255427470481229379e-02
1.200000000000000000e+01,7.484904259097804879e-02
1.300000000000000000e+01,7.714381047714377604e-02
1.400000000000000000e+01,8.044819012560944227e-02
1.500000000000000000e+01,8.389034195485804701e-02
1.600000000000000000e+01,8.733249378410665176e-02
1.700000000000000000e+01,9.077464561335524262e-02
1.800000000000000000e+01,9.421679744260383349e-02
1.900000000000000000e+01,9.765894927185243823e-02
2.000000000000000000e+01,1.011011011011010430e-01
2.100000000000000000e+01,1.045432529303496338e-01
2.200000000000000000e+01,1.079854047595982386e-01
2.300000000000000000e+01,1.114275565888468433e-01
2.400000000000000000e+01,1.148697084180954758e-01
2.500000000000000000e+01,1.183118602473440806e-01
2.600000000000000000e+01,1.217540120765926992e-01
2.700000000000000000e+01,1.251961639058413178e-01
2.800000000000000000e+01,1.286383157350899087e-01
2.900000000000000000e+01,1.320804675643385273e-01
3.000000000000000000e+01,1.355129322871258257e-01
3.100000000000000000e+01,1.380945461590622758e-01
3.200000000000000000e+01,1.406761600309987259e-01
3.300000000000000000e+01,1.432577739029351760e-01
3.400000000000000000e+01,1.458393877748716261e-01
3.500000000000000000e+01,1.484210016468080762e-01
3.600000000000000000e+01,1.510026155187444985e-01
3.700000000000000000e+01,1.535842293906809486e-01
3.800000000000000000e+01,1.563554337747885548e-01
3.900000000000000000e+01,1.593058496284302239e-01
4.000000000000000000e+01,1.622562654820718930e-01
4.100000000000000000e+01,1.652066813357135622e-01
4.200000000000000000e+01,1.681570971893552036e-01
4.300000000000000000e+01,1.711075130429969282e-01
4.400000000000000000e+01,1.740579288966385418e-01
4.500000000000000000e+01,1.770083447502802665e-01
4.600000000000000000e+01,1.799587606039218801e-01
4.700000000000000000e+01,1.829091764575636048e-01
4.800000000000000000e+01,1.858595923112052739e-01
4.900000000000000000e+01,1.888100081648469430e-01
5.000000000000000000e+01,1.917604240184885844e-01
5.100000000000000000e+01,1.943960089121380130e-01
5.200000000000000000e+01,1.965473538054183789e-01
5.300000000000000000e+01,1.986986986986987447e-01
5.400000000000000000e+01,2.008500435919791383e-01
5.500000000000000000e+01,2.030013884852595041e-01
5.600000000000000000e+01,2.051527333785398699e-01
5.700000000000000000e+01,2.073040782718202357e-01
5.800000000000000000e+01,2.094554231651006293e-01
5.900000000000000000e+01,2.116067680583809951e-01
6.000000000000000000e+01,2.137581129516613609e-01
6.100000000000000000e+01,2.159094578449417545e-01
6.200000000000000000e+01,2.180608027382221203e-01
6.300000000000000000e+01,2.202121476315024862e-01
6.400000000000000000e+01,2.223634925247828797e-01
6.500000000000000000e+01,2.245148374180632456e-01
6.600000000000000000e+01,2.269527592108237513e-01
6.700000000000000000e+01,2.298212190685308964e-01
6.800000000000000000e+01,2.326896789262380694e-01
6.900000000000000000e+01,2.355581387839452423e-01
7.000000000000000000e+01,2.384265986416524152e-01
7.100000000000000000e+01,2.412950584993595604e-01
7.200000000000000000e+01,2.441635183570667333e-01
7.300000000000000000e+01,2.470319782147739063e-01
7.400000000000000000e+01,2.499004380724810792e-01
7.500000000000000000e+01,2.527688979301882521e-01
7.600000000000000000e+01,2.556373577878954251e-01
7.700000000000000000e+01,2.585058176456025980e-01
7.800000000000000000e+01,2.613742775033097709e-01
7.900000000000000000e+01,2.642427373610168884e-01
8.000000000000000000e+01,2.671111972187240613e-01
8.100000000000000000e+01,2.699796570764312342e-01
8.200000000000000000e+01,2.728481169341384072e-01
8.300000000000000000e+01,2.757165767918455801e-01
8.400000000000000000e+01,2.785850366495527530e-01
8.500000000000000000e+01,2.814534965072599260e-01
8.600000000000000000e+01,2.843219563649670989e-01
8.700000000000000000e+01,2.871904162226742718e-01
8.800000000000000000e+01,2.900588760803813893e-01
8.900000000000000000e+01,2.934482869966740792e-01
9.000000000000000000e+01,2.968904388259226979e-01
9.100000000000000000e+01,3.003325906551713165e-01
9.200000000000000000e+01,3.037747424844199351e-01
9.300000000000000000e+01,3.072168943136685537e-01
9.400000000000000000e+01,3.106590461429171723e-01
9.500000000000000000e+01,3.141011979721657910e-01
9.600000000000000000e+01,3.175433498014144651e-01
9.700000000000000000e+01,3.209855016306630837e-01
9.800000000000000000e+01,3.241637951315372024e-01
9.900000000000000000e+01,3.271142109851788993e-01
1.000000000000000000e+02,3.300646268388205407e-01
1.010000000000000000e+02,3.330150426924621820e-01
1.020000000000000000e+02,3.359654585461038234e-01
1.030000000000000000e+02,3.389158743997454648e-01
1.040000000000000000e+02,3.418662902533871617e-01
1.050000000000000000e+02,3.448167061070288031e-01
1.060000000000000000e+02,3.477671219606704445e-01
1.070000000000000000e+02,3.507175378143120303e-01
1.080000000000000000e+02,3.536679536679537827e-01
1.090000000000000000e+02,3.566183695215954241e-01
1.100000000000000000e+02,3.595687853752370655e-01
1.110000000000000000e+02,3.623655913978494625e-01
1.120000000000000000e+02,3.649472052697859681e-01
1.130000000000000000e+02,3.675288191417224737e-01
1.140000000000000000e+02,3.701104330136588683e-01
1.150000000000000000e+02,3.726920468855952628e-01
1.160000000000000000e+02,3.752736607575317684e-01
1.170000000000000000e+02,3.778552746294682185e-01
1.180000000000000000e+02,3.804368885014046131e-01
1.190000000000000000e+02,3.829054861312925495e-01
1.200000000000000000e+02,3.853641660093273247e-01
1.210000000000000000e+02,3.878228458873620998e-01
1.220000000000000000e+02,3.902815257653967640e-01
1.230000000000000000e+02,3.927402056434314837e-01
1.240000000000000000e+02,3.951988855214662033e-01
1.250000000000000000e+02,3.976575653995009785e-01
1.260000000000000000e+02,4.001162452775356981e-01
1.270000000000000000e+02,4.025749251555703623e-01
1.280000000000000000e+02,4.050336050336051374e-01
1.290000000000000000e+02,4.074922849116399126e-01
1.300000000000000000e+02,4.099509647896746323e-01
1.310000000000000000e+02,4.124096446677092964e-01
1.320000000000000000e+02,4.151041363944590890e-01
1.330000000000000000e+02,4.178578578578580061e-01
1.340000000000000000e+02,4.206115793212568676e-01
1.350000000000000000e+02,4.233653007846557292e-01
1.360000000000000000e+02,4.261190222480545908e-01
1.370000000000000000e+02,4.288727437114535079e-01
1.380000000000000000e+02,4.316264651748523140e-01
1.390000000000000000e+02,4.343801866382512311e-01
1.400000000000000000e+02,4.371339081016500372e-01
1.410000000000000000e+02,4.401821176014724668e-01
1.420000000000000000e+02,4.436242694307210299e-01
1.430000000000000000e+02,4.470664212599696485e-01
1.440000000000000000e+02,4.505085730892182116e-01
1.450000000000000000e+02,4.539507249184668303e-01
1.460000000000000000e+02,4.573928767477153379e-01
1.470000000000000000e+02,4.589880202783427898e-01
1.480000000000000000e+02,4.601354042214256257e-01
1.490000000000000000e+02,4.612827881645085171e-01
1.500000000000000000e+02,4.624301721075913529e-01
1.510000000000000000e+02,4.635775560506741888e-01
1.520000000000000000e+02,4.651425619167553482e-01
1.530000000000000000e+02,4.685847137460040224e-01
1.540000000000000000e+02,4.720268655752526410e-01
1.550000000000000000e+02,4.754690174045013706e-01
1.560000000000000000e+02,4.789111692337499337e-01
1.570000000000000000e+02,4.823533210629985524e-01
1.580000000000000000e+02,4.838709677419354982e-01
1.590000000000000000e+02,4.838709677419354982e-01
1.600000000000000000e+02,4.838709677419354982e-01
1.610000000000000000e+02,4.838709677419354982e-01
1.620000000000000000e+02,4.903225806451612101e-01
1.630000000000000000e+02,4.903225806451612101e-01
1.640000000000000000e+02,4.967741935483871440e-01
1.650000000000000000e+02,5.032258064516128560e-01
1.660000000000000000e+02,5.032258064516128560e-01
1.670000000000000000e+02,5.025799993541928412e-01
1.680000000000000000e+02,4.991378475249443891e-01
1.690000000000000000e+02,4.956956956956957705e-01
1.700000000000000000e+02,4.922535438664471519e-01
1.710000000000000000e+02,4.888113920371984777e-01
1.720000000000000000e+02,4.853692402079499146e-01
1.730000000000000000e+02,4.799832090154670938e-01
1.740000000000000000e+02,4.730989053569699676e-01
1.750000000000000000e+02,4.662146016984726193e-01
1.760000000000000000e+02,4.593302980399754376e-01
1.770000000000000000e+02,4.566598856921437188e-01
1.780000000000000000e+02,4.549388097775194928e-01
1.790000000000000000e+02,4.532177338628951557e-01
1.800000000000000000e+02,4.511479221156642350e-01
1.810000000000000000e+02,4.442636184571668867e-01
1.820000000000000000e+02,4.380444961090123046e-01
1.830000000000000000e+02,4.346023442797636860e-01
1.840000000000000000e+02,4.311601924505151229e-01
1.850000000000000000e+02,4.277180406212665043e-01
1.860000000000000000e+02,4.242758887920179411e-01
1.870000000000000000e+02,4.208337369627693225e-01
1.880000000000000000e+02,4.154283315573640278e-01
1.890000000000000000e+02,4.085440278988666796e-01
1.900000000000000000e+02,4.016597242403695533e-01
1.910000000000000000e+02,3.947754205818722051e-01
1.920000000000000000e+02,3.907197520100745280e-01
1.930000000000000000e+02,3.872776001808260204e-01
1.940000000000000000e+02,3.838354483515773463e-01
1.950000000000000000e+02,3.802253866769996216e-01
1.960000000000000000e+02,3.744884669615852202e-01
1.970000000000000000e+02,3.687515472461709298e-01
1.980000000000000000e+02,3.630146275307565285e-01
1.990000000000000000e+02,3.572777078153422381e-01
2.000000000000000000e+02,3.515407880999277812e-01
2.010000000000000000e+02,3.460621912234815301e-01
2.020000000000000000e+02,3.408989634796085189e-01
2.030000000000000000e+02,3.357357357357356742e-01
2.040000000000000000e+02,3.305725079918627185e-01
2.050000000000000000e+02,3.254092802479898738e-01
2.060000000000000000e+02,3.202460525041168626e-01
2.070000000000000000e+02,3.150828247602440180e-01
2.080000000000000000e+02,3.099195970163710623e-01
2.090000000000000000e+02,3.044282992670088728e-01
2.100000000000000000e+02,2.989208563402110386e-01
2.110000000000000000e+02,2.934134134134133709e-01
2.120000000000000000e+02,2.879059704866155367e-01
2.130000000000000000e+02,2.823985275598178135e-01
2.140000000000000000e+02,2.768910846330199793e-01
2.150000000000000000e+02,2.713836417062223116e-01
2.160000000000000000e+02,2.658761987794244774e-01
2.170000000000000000e+02,2.603687558526268098e-01
2.180000000000000000e+02,2.553951801263628640e-01
2.190000000000000000e+02,2.508056443540315206e-01
2.200000000000000000e+02,2.462161085817000106e-01
2.210000000000000000e+02,2.416265728093686393e-01
2.220000000000000000e+02,2.370370370370371294e-01
2.230000000000000000e+02,2.324475012647057581e-01
2.240000000000000000e+02,2.256579159804967538e-01
2.250000000000000000e+02,2.187736123219996831e-01
2.260000000000000000e+02,2.118893086635023626e-01
2.270000000000000000e+02,2.053666569795604413e-01
2.280000000000000000e+02,2.002034292356874301e-01
2.290000000000000000e+02,1.950402014918146132e-01
2.300000000000000000e+02,1.898769737479416020e-01
2.310000000000000000e+02,1.847137460040687573e-01
2.320000000000000000e+02,1.795505182601957739e-01
2.330000000000000000e+02,1.743872905163229292e-01
2.340000000000000000e+02,1.692240627724499458e-01
2.350000000000000000e+02,1.636518238668777936e-01
2.360000000000000000e+02,1.579149041514633645e-01
2.370000000000000000e+02,1.521779844360490741e-01
2.380000000000000000e+02,1.464410647206346450e-01
2.390000000000000000e+02,1.407041450052205489e-01
2.400000000000000000e+02,1.351738835609804512e-01
2.410000000000000000e+02,1.317317317317317771e-01
2.420000000000000000e+02,1.282895799024831029e-01
2.430000000000000000e+02,1.248474280732344288e-01
2.440000000000000000e+02,1.190545384093767145e-01
2.450000000000000000e+02,1.087280829216315248e-01
2.460000000000000000e+02,9.840162743388572442e-02
2.470000000000000000e+02,8.807517194614052081e-02
2.480000000000000000e+02,8.114996717147292260e-02
2.490000000000000000e+02,7.656043139914135709e-02
2.500000000000000000e+02,7.197089562680979158e-02
2.510000000000000000e+02,6.738135985447822607e-02
2.520000000000000000e+02,6.279182408214666056e-02
2.530000000000000000e+02,5.820228830981535872e-02
2.540000000000000000e+02,5.305628208854020617e-02
2.550000000000000000e+02,4.789305434466746558e-02
2.560000000000000000e+02,4.272982660079442663e-02
2.570000000000000000e+02,3.718557266944364642e-02
2.580000000000000000e+02,3.030126901094641959e-02
2.590000000000000000e+02,2.401433691756267585e-02
2.600000000000000000e+02,1.885110917368963343e-02
2.610000000000000000e+02,1.368788142981659448e-02
2.620000000000000000e+02,8.524653685943853892e-03
2.630000000000000000e+02,3.018071835276227733e-03
2.640000000000000000e+02,-2.718847880138149792e-03
2.650000000000000000e+02,-8.455767595552526883e-03
2.660000000000000000e+02,-1.419268731096690397e-02
2.670000000000000000e+02,-1.992960702638128107e-02
2.680000000000000000e+02,-2.566652674179565469e-02
2.690000000000000000e+02,-3.588104233265550919e-02
2.700000000000000000e+02,-4.568439407149105930e-02
2.710000000000000000e+02,-5.084762181536343906e-02
2.720000000000000000e+02,-5.601084955923642250e-02
2.730000000000000000e+02,-6.117407730310940595e-02
2.740000000000000000e+02,-6.694436371855719270e-02
2.750000000000000000e+02,-7.382866737705454097e-02
2.760000000000000000e+02,-8.235977913397296568e-02
2.770000000000000000e+02,-9.268623462171893257e-02
2.780000000000000000e+02,-1.009331912557722283e-01
2.790000000000000000e+02,-1.078174949142686606e-01
2.800000000000000000e+02,-1.147017985727658979e-01
2.810000000000000000e+02,-1.215861022312631490e-01
2.820000000000000000e+02,-1.284704058897604695e-01
2.830000000000000000e+02,-1.353547095482578178e-01
2.840000000000000000e+02,-1.422390132067551660e-01
2.850000000000000000e+02,-1.491233168652525143e-01
2.860000000000000000e+02,-1.560076205237498626e-01
2.870000000000000000e+02,-1.623580569817126840e-01
2.880000000000000000e+02,-1.669475927540441940e-01
2.890000000000000000e+02,-1.715371285263757317e-01
2.900000000000000000e+02,-1.761266642987072417e-01
2.910000000000000000e+02,-1.807162000710387795e-01
2.920000000000000000e+02,-1.853057358433702895e-01
2.930000000000000000e+02,-1.912945203267785721e-01
2.940000000000000000e+02,-1.981788239852758093e-01
2.950000000000000000e+02,-2.050631276437722417e-01
2.960000000000000000e+02,-2.119474313022694789e-01
2.970000000000000000e+02,-2.173496076721879722e-01
2.980000000000000000e+02,-2.225128354160609556e-01
2.990000000000000000e+02,-2.276760631599339391e-01
3.000000000000000000e+02,-2.328392909038069225e-01
3.010000000000000000e+02,-2.380025186476799615e-01
3.020000000000000000e+02,-2.431657463915530004e-01
3.030000000000000000e+02,-2.483289741354254565e-01
3.040000000000000000e+02,-2.531789854370498083e-01
3.050000000000000000e+02,-2.574816752236106510e-01
3.060000000000000000e+02,-2.617843650101714936e-01
3.070000000000000000e+02,-2.660870547967322808e-01
3.080000000000000000e+02,-2.703897445832931234e-01
3.090000000000000000e+02,-2.746924343698539661e-01
3.100000000000000000e+02,-2.789951241564148088e-01
3.110000000000000000e+02,-2.832978139429750963e-01
3.120000000000000000e+02,-2.868545965320158375e-01
3.130000000000000000e+02,-2.902967483612644561e-01
3.140000000000000000e+02,-2.937389001905130748e-01
3.150000000000000000e+02,-2.984016274338851527e-01
3.160000000000000000e+02,-3.121702347508797382e-01
3.170000000000000000e+02,-3.234201943879362884e-01
3.180000000000000000e+02,-3.268623462171849625e-01
3.190000000000000000e+02,-3.303044980464332481e-01
3.200000000000000000e+02,-3.337466498756819222e-01
3.210000000000000000e+02,-3.388937324421192332e-01
3.220000000000000000e+02,-3.457780361006165815e-01
3.230000000000000000e+02,-3.505247182666537120e-01
3.240000000000000000e+02,-3.539668700959023306e-01
3.250000000000000000e+02,-3.591225634236387410e-01
3.260000000000000000e+02,-3.648594831390531978e-01
3.270000000000000000e+02,-3.705964028544675992e-01
3.280000000000000000e+02,-3.763333225698813345e-01
3.290000000000000000e+02,-3.820702422852957358e-01
3.300000000000000000e+02,-3.875230068778455217e-01
3.310000000000000000e+02,-3.909651587070940848e-01
3.320000000000000000e+02,-3.944073105363427034e-01
3.330000000000000000e+02,-3.978494623655913220e-01
3.340000000000000000e+02,-4.012916141948399962e-01
3.350000000000000000e+02,-4.047337660240886703e-01
3.360000000000000000e+02,-4.081759178533369004e-01
3.370000000000000000e+02,-4.116180696825855745e-01
3.380000000000000000e+02,-4.161387193645256222e-01
3.390000000000000000e+02,-4.213019471083986889e-01
3.400000000000000000e+02,-4.264651748522717556e-01
3.410000000000000000e+02,-4.316284025961447668e-01
3.420000000000000000e+02,-4.352804417320548236e-01
3.430000000000000000e+02,-4.387225935613034422e-01
3.440000000000000000e+02,-4.421647453905515612e-01
3.450000000000000000e+02,-4.456068972198001243e-01
3.460000000000000000e+02,-4.490490490490488540e-01
3.470000000000000000e+02,-4.524912008782975281e-01
3.480000000000000000e+02,-4.559333527075461467e-01
3.490000000000000000e+02,-4.580645161290322065e-01
3.500000000000000000e+02,-4.580645161290322065e-01
3.510000000000000000e+02,-4.653879686137751825e-01
3.520000000000000000e+02,-4.671090445283992976e-01
3.530000000000000000e+02,-4.688301204430235791e-01
3.540000000000000000e+02,-4.705511963576479162e-01
3.550000000000000000e+02,-4.722722722722722533e-01
3.560000000000000000e+02,-4.739933481868966458e-01
3.570000000000000000e+02,-4.757144241015209829e-01
3.580000000000000000e+02,-4.774193548387097863e-01
3.590000000000000000e+02,-4.774193548387097863e-01
3.600000000000000000e+02,-4.774193548387097863e-01
3.610000000000000000e+02,-4.774193548387097863e-01
3.620000000000000000e+02,-4.774193548387097863e-01
3.630000000000000000e+02,-4.774193548387097863e-01
3.640000000000000000e+02,-4.774193548387097863e-01
3.650000000000000000e+02,-4.774193548387097863e-01
3.660000000000000000e+02,-4.774193548387097863e-01
3.670000000000000000e+02,-4.774193548387097863e-01
3.680000000000000000e+02,-4.774193548387097863e-01
3.690000000000000000e+02,-4.774193548387097863e-01
3.700000000000000000e+02,-4.774193548387097863e-01
3.710000000000000000e+02,-4.774193548387097863e-01
3.720000000000000000e+02,-4.774193548387097863e-01
3.730000000000000000e+02,-4.773935225548129879e-01
3.740000000000000000e+02,-4.756724466401885953e-01
3.750000000000000000e+02,-4.739513707255642028e-01
3.760000000000000000e+02,-4.722302948109400877e-01
3.770000000000000000e+02,-4.705092188963156952e-01
3.780000000000000000e+02,-4.687881429816914136e-01
3.790000000000000000e+02,-4.670670670670671321e-01
3.800000000000000000e+02,-4.653459911524428505e-01
3.810000000000000000e+02,-4.627337014433789975e-01
3.820000000000000000e+02,-4.592915496141302678e-01
3.830000000000000000e+02,-4.558493977848815937e-01
3.840000000000000000e+02,-4.524072459556329195e-01
3.850000000000000000e+02,-4.489650941263846340e-01
3.860000000000000000e+02,-4.455229422971359043e-01
3.870000000000000000e+02,-4.428509154315605767e-01
3.880000000000000000e+02,-4.402693015596240711e-01
3.890000000000000000e+02,-4.376876876876876210e-01
3.900000000000000000e+02,-4.351060738157511154e-01
3.910000000000000000e+02,-4.325244599438146098e-01
3.920000000000000000e+02,-4.299428460718781597e-01
3.930000000000000000e+02,-4.273612321999419317e-01
3.940000000000000000e+02,-4.244373405663728893e-01
3.950000000000000000e+02,-4.209951887371242707e-01
3.960000000000000000e+02,-4.175530369078756521e-01
3.970000000000000000e+02,-4.141108850786270335e-01
3.980000000000000000e+02,-4.106687332493784148e-01
3.990000000000000000e+02,-4.072265814201297962e-01
4.000000000000000000e+02,-4.044512254189673306e-01
4.010000000000000000e+02,-4.018696115470311025e-01
4.020000000000000000e+02,-3.992879976750946525e-01
4.030000000000000000e+02,-3.967063838031581469e-01
4.040000000000000000e+02,-3.941247699312216413e-01
4.050000000000000000e+02,-3.915431560592851357e-01
4.060000000000000000e+02,-3.889615421873486301e-01
4.070000000000000000e+02,-3.863799283154121245e-01
4.080000000000000000e+02,-3.837983144434756744e-01
4.090000000000000000e+02,-3.812167005715394463e-01
4.100000000000000000e+02,-3.786350866996029407e-01
4.110000000000000000e+02,-3.760534728276664906e-01
4.120000000000000000e+02,-3.734718589557299850e-01
4.130000000000000000e+02,-3.708902450837934794e-01
4.140000000000000000e+02,-3.683086312118569738e-01
4.150000000000000000e+02,-3.650553779586037106e-01
4.160000000000000000e+02,-3.616132261293550365e-01
4.170000000000000000e+02,-3.581710743001068065e-01
4.180000000000000000e+02,-3.547289224708581323e-01
4.190000000000000000e+02,-3.512867706416094582e-01
4.200000000000000000e+02,-3.479048941414533691e-01
4.210000000000000000e+02,-3.448452036265656773e-01
4.220000000000000000e+02,-3.417855131116779854e-01
4.230000000000000000e+02,-3.387258225967902936e-01
4.240000000000000000e+02,-3.356661320819026018e-01
4.250000000000000000e+02,-3.326064415670152985e-01
4.260000000000000000e+02,-3.295467510521276067e-01
4.270000000000000000e+02,-3.264870605372399148e-01
4.280000000000000000e+02,-3.234273700223522230e-01
4.290000000000000000e+02,-3.203676795074645312e-01
4.300000000000000000e+02,-3.173079889925768393e-01
4.310000000000000000e+02,-3.142482984776891475e-01
4.320000000000000000e+02,-3.111886079628014556e-01
4.330000000000000000e+02,-3.081289174479141524e-01
4.340000000000000000e+02,-3.050692269330264605e-01
4.350000000000000000e+02,-3.020095364181387687e-01
4.360000000000000000e+02,-2.989498459032510769e-01
4.370000000000000000e+02,-2.962769220833738060e-01
4.380000000000000000e+02,-2.945558461687494689e-01
4.390000000000000000e+02,-2.928347702541251318e-01
4.400000000000000000e+02,-2.911136943395008503e-01
4.410000000000000000e+02,-2.893926184248767353e-01
4.420000000000000000e+02,-2.876715425102523982e-01
4.430000000000000000e+02,-2.859504665956280611e-01
4.440000000000000000e+02,-2.842293906810037241e-01
4.450000000000000000e+02,-2.815998794493420054e-01
4.460000000000000000e+02,-2.787314195916347770e-01
4.470000000000000000e+02,-2.758629597339275485e-01
4.480000000000000000e+02,-2.729944998762203201e-01
4.490000000000000000e+02,-2.701260400185131472e-01
4.500000000000000000e+02,-2.672575801608062518e-01
4.510000000000000000e+02,-2.643891203030990233e-01
4.520000000000000000e+02,-2.615206604453917949e-01
4.530000000000000000e+02,-2.586522005876845665e-01
4.540000000000000000e+02,-2.557837407299773380e-01
4.550000000000000000e+02,-2.529152808722701651e-01
4.560000000000000000e+02,-2.497336045723141940e-01
4.570000000000000000e+02,-2.462914527430655476e-01
4.580000000000000000e+02,-2.428493009138172898e-01
4.590000000000000000e+02,-2.394071490845686156e-01
4.600000000000000000e+02,-2.359649972553199415e-01
4.610000000000000000e+02,-2.325228454260712951e-01
4.620000000000000000e+02,-2.290806935968226210e-01
4.630000000000000000e+02,-2.256385417675739469e-01
4.640000000000000000e+02,-2.221963899383253005e-01
4.650000000000000000e+02,-2.183538377086761684e-01
4.660000000000000000e+02,-2.126169179932624054e-01
4.670000000000000000e+02,-2.068799982778479762e-01
4.680000000000000000e+02,-2.011430785624335194e-01
4.690000000000000000e+02,-1.954061588470190902e-01
4.700000000000000000e+02,-1.896692391316046611e-01
4.710000000000000000e+02,-1.858309922826050786e-01
4.720000000000000000e+02,-1.835362243964393236e-01
4.730000000000000000e+02,-1.812414565102735686e-01
4.740000000000000000e+02,-1.789466886241080634e-01
4.750000000000000000e+02,-1.766519207379423084e-01
4.760000000000000000e+02,-1.743571528517765534e-01
4.770000000000000000e+02,-1.678000581226390397e-01
4.780000000000000000e+02,-1.609157544641417747e-01
4.790000000000000000e+02,-1.540314508056444820e-01
4.800000000000000000e+02,-1.479737802318447926e-01
4.810000000000000000e+02,-1.456790123456790098e-01
4.820000000000000000e+02,-1.433842444595135046e-01
4.830000000000000000e+02,-1.410894765733477219e-01
4.840000000000000000e+02,-1.387947086871819391e-01
4.850000000000000000e+02,-1.364999408010161563e-01
4.860000000000000000e+02,-1.297297297297298480e-01
4.870000000000000000e+02,-1.194032742419838811e-01
4.880000000000000000e+02,-1.102521876715423510e-01
4.890000000000000000e+02,-1.016468080984206934e-01
4.900000000000000000e+02,-9.304142852530004892e-02
4.910000000000000000e+02,-8.443604895217839135e-02
4.920000000000000000e+02,-8.065484839678407902e-02
4.930000000000000000e+02,-7.721269656753546040e-02
4.940000000000000000e+02,-7.377054473828684178e-02
4.950000000000000000e+02,-6.904969485614674551e-02
4.960000000000000000e+02,-5.872323936840066760e-02
4.970000000000000000e+02,-3.495753818334457197e-02
4.980000000000000000e+02,-2.291000678097564539e-02
4.990000000000000000e+02,-1.086247537860531714e-02
5.000000000000000000e+02,1.185056023765007627e-03
5.010000000000000000e+02,9.357744841615577014e-03
5.020000000000000000e+02,1.452097258548861597e-02
5.030000000000000000e+02,1.968420032936165492e-02
5.040000000000000000e+02,2.484742807323469735e-02
5.050000000000000000e+02,4.262326842972087582e-02
5.060000000000000000e+02,6.327617940521039486e-02
5.070000000000000000e+02,8.069359682262830513e-02
5.080000000000000000e+02,6.800904129936388154e-01
5.090000000000000000e+02,6.814672737253383294e-01
5.100000000000000000e+02,6.828441344570377325e-01
5.110000000000000000e+02,6.842209951887372466e-01
5.120000000000000000e+02,6.855978559204367606e-01
5.130000000000000000e+02,6.869747166521361637e-01
5.140000000000000000e+02,6.883515773838356777e-01
5.150000000000000000e+02,6.897284381155349697e-01
5.160000000000000000e+02,6.907139397461978803e-01
5.170000000000000000e+02,6.914023701120476373e-01
5.180000000000000000e+02,6.920908004778972833e-01
5.190000000000000000e+02,6.927792308437470403e-01
5.200000000000000000e+02,6.934676612095967974e-01
5.210000000000000000e+02,6.941560915754464434e-01
5.220000000000000000e+02,6.948445219412962004e-01
5.230000000000000000e+02,6.955329523071458464e-01
5.240000000000000000e+02,6.962213826729954924e-01
5.250000000000000000e+02,6.967741935483870996e-01
5.260000000000000000e+02,6.967741935483870996e-01
5.270000000000000000e+02,6.967741935483870996e-01
5.280000000000000000e+02,6.967741935483870996e-01
5.290000000000000000e+02,6.969285414446704241e-01
5.300000000000000000e+02,6.972727566275953581e-01
5.310000000000000000e+02,6.976169718105201811e-01
5.320000000000000000e+02,6.979611869934451152e-01
5.330000000000000000e+02,6.983054021763699382e-01
5.340000000000000000e+02,6.986496173592947612e-01
5.350000000000000000e+02,6.989938325422195842e-01
5.360000000000000000e+02,6.993380477251445182e-01
5.370000000000000000e+02,6.996822629080693412e-01
5.380000000000000000e+02,7.000264780909941642e-01
5.390000000000000000e+02,7.003706932739190982e-01
5.400000000000000000e+02,7.007149084568439212e-01
5.410000000000000000e+02,7.010591236397687442e-01
5.420000000000000000e+02,7.014033388226935672e-01
5.430000000000000000e+02,7.017475540056185013e-01
5.440000000000000000e+02,7.020917691885433243e-01
5.450000000000000000e+02,7.024359843714681473e-01
5.460000000000000000e+02,7.027801995543930813e-01
5.470000000000000000e+02,7.031244147373179043e-01
5.480000000000000000e+02,7.032258064516128115e-01
5.490000000000000000e+02,7.032258064516128115e-01
5.500000000000000000e+02,7.032258064516128115e-01
5.510000000000000000e+02,7.032258064516128115e-01
5.520000000000000000e+02,7.032258064516128115e-01
5.530000000000000000e+02,7.032258064516128115e-01
5.540000000000000000e+02,7.032258064516128115e-01
5.550000000000000000e+02,7.032258064516128115e-01
5.560000000000000000e+02,7.032258064516128115e-01
5.570000000000000000e+02,7.032258064516128115e-01
5.580000000000000000e+02,7.032258064516128115e-01
5.590000000000000000e+02,7.032258064516128115e-01
5.600000000000000000e+02,7.032258064516128115e-01
5.610000000000000000e+02,7.028228228228227126e-01
5.620000000000000000e+02,7.021343924569730666e-01
5.630000000000000000e+02,7.014459620911233095e-01
5.640000000000000000e+02,7.007575317252735525e-01
5.650000000000000000e+02,7.000691013594239065e-01
5.660000000000000000e+02,6.993806709935742605e-01
5.670000000000000000e+02,6.986922406277245035e-01
5.680000000000000000e+02,6.980038102618747464e-01
5.690000000000000000e+02,6.973153798960249894e-01
5.700000000000000000e+02,6.964060835028575980e-01
5.710000000000000000e+02,6.946850075882333719e-01
5.720000000000000000e+02,6.929639316736090349e-01
5.730000000000000000e+02,6.912428557589849198e-01
5.740000000000000000e+02,6.887209790435597778e-01
5.750000000000000000e+02,6.852788272143111037e-01
5.760000000000000000e+02,6.818366753850624296e-01
5.770000000000000000e+02,6.783945235558137554e-01
5.780000000000000000e+02,6.761858632826374116e-01
5.790000000000000000e+02,6.744647873680130745e-01
5.800000000000000000e+02,6.727437114533886264e-01
5.810000000000000000e+02,6.710226355387642894e-01
5.820000000000000000e+02,6.687461655203590372e-01
5.830000000000000000e+02,6.664513976341933654e-01
5.840000000000000000e+02,6.641566297480276937e-01
5.850000000000000000e+02,6.618618618618619109e-01
5.860000000000000000e+02,6.595670939756962392e-01
5.870000000000000000e+02,6.572723260895305675e-01
5.880000000000000000e+02,6.549775582033646737e-01
5.890000000000000000e+02,6.526827903171988909e-01
5.900000000000000000e+02,6.503880224310333302e-01
5.910000000000000000e+02,6.480932545448675475e-01
5.920000000000000000e+02,6.457984866587016537e-01
5.930000000000000000e+02,6.426749329975136593e-01
5.940000000000000000e+02,6.392327811682649852e-01
5.950000000000000000e+02,6.357906293390164221e-01
5.960000000000000000e+02,6.323484775097677479e-01
5.970000000000000000e+02,6.305821950983240276e-01
5.980000000000000000e+02,6.288611191836999126e-01
5.990000000000000000e+02,6.271400432690755755e-01
6.000000000000000000e+02,6.252252252252251674e-01
6.010000000000000000e+02,6.226436113532887173e-01
6.020000000000000000e+02,6.200619974813521562e-01
6.030000000000000000e+02,6.174803836094157061e-01
6.040000000000000000e+02,6.148987697374792560e-01
6.050000000000000000e+02,6.123171558655426949e-01
6.060000000000000000e+02,6.097355419936065779e-01
6.070000000000000000e+02,6.071539281216700168e-01
6.080000000000000000e+02,6.039458813652361924e-01
6.090000000000000000e+02,6.005037295359876293e-01
6.100000000000000000e+02,5.985307888533695220e-01
6.110000000000000000e+02,5.968097129387450739e-01
6.120000000000000000e+02,5.950886370241207368e-01
6.130000000000000000e+02,5.930059091349408895e-01
6.140000000000000000e+02,5.878426813910686555e-01
6.150000000000000000e+02,5.826794536471957553e-01
6.160000000000000000e+02,5.775162259033229661e-01
6.170000000000000000e+02,5.729665149019990134e-01
6.180000000000000000e+02,5.695243630727504502e-01
6.190000000000000000e+02,5.660822112435017761e-01
6.200000000000000000e+02,5.626400594142529910e-01
6.210000000000000000e+02,5.591979075850043168e-01
6.220000000000000000e+02,5.557557557557559758e-01
6.230000000000000000e+02,5.497884981755952749e-01
6.240000000000000000e+02,5.429041945170980377e-01
6.250000000000000000e+02,5.360198908586006894e-01
6.260000000000000000e+02,5.291355872001034522e-01
6.270000000000000000e+02,5.256417708030610703e-01
6.280000000000000000e+02,5.221996189738123961e-01
6.290000000000000000e+02,5.187574671445638330e-01
6.300000000000000000e+02,5.083212244502571808e-01
6.310000000000000000e+02,5.025843047348427239e-01
6.320000000000000000e+02,4.968473850194282671e-01
6.330000000000000000e+02,4.911104653040138102e-01
6.340000000000000000e+02,4.853735455885994088e-01
6.350000000000000000e+02,4.796366258731849519e-01
6.360000000000000000e+02,4.753075656301462004e-01
6.370000000000000000e+02,4.718654138008974708e-01
6.380000000000000000e+02,4.684232619716491297e-01
6.390000000000000000e+02,4.649811101424004001e-01
6.400000000000000000e+02,4.555846168749393965e-01
6.410000000000000000e+02,4.452581613871935962e-01
6.420000000000000000e+02,4.349317058994475182e-01
6.430000000000000000e+02,4.250056508121020094e-01
6.440000000000000000e+02,4.181213471536048276e-01
6.450000000000000000e+02,4.104039523394353850e-01
6.460000000000000000e+02,4.000774968516893071e-01
6.470000000000000000e+02,3.914387505785354993e-01
6.480000000000000000e+02,3.857018308631212089e-01
6.490000000000000000e+02,3.799649111477068630e-01
6.500000000000000000e+02,3.742279914322925727e-01
6.510000000000000000e+02,3.684910717168782268e-01
6.520000000000000000e+02,3.627541520014639365e-01
6.530000000000000000e+02,3.510349058736155214e-01
6.540000000000000000e+02,3.372662985566208249e-01
6.550000000000000000e+02,3.264942361716563490e-01
6.560000000000000000e+02,3.161677806839103821e-01
6.570000000000000000e+02,3.058413251961644153e-01
6.580000000000000000e+02,2.953049824017570102e-01
6.590000000000000000e+02,2.832574509993865952e-01
6.600000000000000000e+02,2.712099195970162357e-01
6.610000000000000000e+02,2.591623881946458208e-01
6.620000000000000000e+02,2.477574348542084526e-01
6.630000000000000000e+02,2.374309793664637069e-01
6.640000000000000000e+02,2.271045238787177400e-01
6.650000000000000000e+02,2.167780683909717732e-01
6.660000000000000000e+02,2.043010752688171616e-01
6.670000000000000000e+02,1.905324679518224651e-01
6.680000000000000000e+02,1.741806322451476818e-01
6.690000000000000000e+02,1.569698730989043944e-01
6.700000000000000000e+02,1.457909522425643867e-01
6.710000000000000000e+02,1.354644967548196410e-01
6.720000000000000000e+02,1.251380412670736741e-01
6.730000000000000000e+02,1.148115857793276934e-01
6.740000000000000000e+02,1.044851302915816155e-01
6.750000000000000000e+02,9.415867480383556531e-02
6.760000000000000000e+02,8.383221931608959843e-02
6.770000000000000000e+02,7.220123349155498083e-02
6.780000000000000000e+02,5.843262617456040919e-02
6.790000000000000000e+02,4.813846104168691825e-02
6.800000000000000000e+02,4.125415738318945202e-02
6.810000000000000000e+02,3.653976557202349290e-02
6.820000000000000000e+02,3.309761374277498530e-02
6.830000000000000000e+02,2.965546191352647770e-02
6.840000000000000000e+02,2.621331008427797010e-02
6.850000000000000000e+02,9.867932448577618892e-03
6.860000000000000000e+02,6.399948335432062256e-03
6.870000000000000000e+02,-4.843553230643648719e-04
6.880000000000000000e+02,-1.958410022926133573e-02
6.890000000000000000e+02,-2.130517614388570402e-02
6.900000000000000000e+02,-2.302625205851006884e-02
6.910000000000000000e+02,-2.474732797313443367e-02
6.920000000000000000e+02,-2.845426071232528761e-02
6.930000000000000000e+02,-3.533856437082263241e-02
6.940000000000000000e+02,-4.046627272433742789e-02
6.950000000000000000e+02,-4.390842455358564406e-02
6.960000000000000000e+02,-4.735057638283425574e-02
6.970000000000000000e+02,-5.079272821208287436e-02
6.980000000000000000e+02,-5.685685685685670093e-02
6.990000000000000000e+02,-6.374116051535404226e-02
7.000000000000000000e+02,-6.909813038845306898e-02
7.010000000000000000e+02,-7.426135813232612182e-02
7.020000000000000000e+02,-7.942458587619916077e-02
7.030000000000000000e+02,-8.418956590999603085e-02
7.040000000000000000e+02,-8.648433379616177197e-02
7.050000000000000000e+02,-8.877910168232751309e-02
7.060000000000000000e+02,-9.107386956849325421e-02
7.070000000000000000e+02,-9.336863745465899533e-02
7.080000000000000000e+02,-9.566340534082473646e-02
7.090000000000000000e+02,-9.795817322699047758e-02
7.100000000000000000e+02,-1.002529411131562187e-01
7.110000000000000000e+02,-1.025477089993219459e-01
7.120000000000000000e+02,-1.048424768854874234e-01
7.130000000000000000e+02,-1.071372447716531506e-01
7.140000000000000000e+02,-1.094320126578188918e-01
7.150000000000000000e+02,-1.121366527818138670e-01
7.160000000000000000e+02,-1.148903742452128118e-01
7.170000000000000000e+02,-1.176440957086117428e-01
7.180000000000000000e+02,-1.203978171720106877e-01
7.190000000000000000e+02,-1.231515386354096186e-01
7.200000000000000000e+02,-1.259052600988082304e-01
7.210000000000000000e+02,-1.286589815622071753e-01
7.220000000000000000e+02,-1.314127030256061202e-01
7.230000000000000000e+02,-1.341664244890050650e-01
7.240000000000000000e+02,-1.372792146985694905e-01
7.250000000000000000e+02,-1.407213665278180814e-01
7.260000000000000000e+02,-1.430495011140172079e-01
7.270000000000000000e+02,-1.447705770286416005e-01
7.280000000000000000e+02,-1.464916529432657433e-01
7.290000000000000000e+02,-1.482127288578901081e-01
7.300000000000000000e+02,-1.483870967741935942e-01
7.310000000000000000e+02,-1.483870967741935942e-01
7.320000000000000000e+02,-1.483870967741935942e-01
7.330000000000000000e+02,-1.489037424521297004e-01
7.340000000000000000e+02,-1.523458942813783190e-01
7.350000000000000000e+02,-1.548387096774193061e-01
7.360000000000000000e+02,-1.548387096774193061e-01
7.370000000000000000e+02,-1.555297232716587041e-01
7.380000000000000000e+02,-1.572507991862830690e-01
7.390000000000000000e+02,-1.589718751009074338e-01
7.400000000000000000e+02,-1.606929510155317986e-01
7.410000000000000000e+02,-1.612903225806452401e-01
7.420000000000000000e+02,-1.612903225806452401e-01
7.430000000000000000e+02,-1.612903225806452401e-01
7.440000000000000000e+02,-1.612903225806452401e-01
7.450000000000000000e+02,-1.612903225806452401e-01
7.460000000000000000e+02,-1.612903225806452401e-01
7.470000000000000000e+02,-1.612903225806452401e-01
7.480000000000000000e+02,-1.612903225806452401e-01
7.490000000000000000e+02,-1.612903225806452401e-01
7.500000000000000000e+02,-1.612903225806452401e-01
7.510000000000000000e+02,-1.612903225806452401e-01
7.520000000000000000e+02,-1.612903225806452401e-01
7.530000000000000000e+02,-1.612903225806452401e-01
7.540000000000000000e+02,-1.619016866328694404e-01
7.550000000000000000e+02,-1.630490705759523040e-01
7.560000000000000000e+02,-1.641964545190351676e-01
7.570000000000000000e+02,-1.653438384621180313e-01
7.580000000000000000e+02,-1.664912224052009226e-01
7.590000000000000000e+02,-1.676386063482837863e-01
7.600000000000000000e+02,-1.677419354838709520e-01
7.610000000000000000e+02,-1.677419354838709520e-01
7.620000000000000000e+02,-1.677419354838709520e-01
7.630000000000000000e+02,-1.677419354838709520e-01
7.640000000000000000e+02,-1.677419354838709520e-01
7.650000000000000000e+02,-1.677419354838709520e-01
7.660000000000000000e+02,-1.677419354838709520e-01
7.670000000000000000e+02,-1.677419354838709520e-01
7.680000000000000000e+02,-1.677419354838709520e-01
7.690000000000000000e+02,-1.677419354838709520e-01
7.700000000000000000e+02,-1.677419354838709520e-01
7.710000000000000000e+02,-1.677419354838709520e-01
7.720000000000000000e+02,-1.677419354838709520e-01
7.730000000000000000e+02,-1.677419354838709520e-01
7.740000000000000000e+02,-1.677419354838709520e-01
7.750000000000000000e+02,-1.677419354838709520e-01
7.760000000000000000e+02,-1.677419354838709520e-01
7.770000000000000000e+02,-1.677419354838709520e-01
7.780000000000000000e+02,-1.677419354838709520e-01
7.790000000000000000e+02,-1.677419354838709520e-01
7.800000000000000000e+02,-1.677419354838709520e-01
7.810000000000000000e+02,-1.677419354838709520e-01
7.820000000000000000e+02,-1.677419354838709520e-01
7.830000000000000000e+02,-1.677419354838709520e-01
7.840000000000000000e+02,-1.677419354838709520e-01
7.850000000000000000e+02,-1.677419354838709520e-01
7.860000000000000000e+02,-1.677419354838709520e-01
7.870000000000000000e+02,-1.677419354838709520e-01
7.880000000000000000e+02,-1.704801575769315791e-01
7.890000000000000000e+02,-1.739223094061801977e-01
7.900000000000000000e+02,-1.741935483870966639e-01
7.910000000000000000e+02,-2.193548387096773133e-01
7.920000000000000000e+02,-2.193548387096773133e-01
7.930000000000000000e+02,-2.193548387096773133e-01
7.940000000000000000e+02,-2.193548387096773133e-01
7.950000000000000000e+02,-2.185333720817591585e-01
7.960000000000000000e+02,-2.157796506183602414e-01
7.970000000000000000e+02,-2.130259291549613243e-01
7.980000000000000000e+02,-2.102722076915624072e-01
7.990000000000000000e+02,-2.075184862281634901e-01
8.000000000000000000e+02,-2.047647647647645730e-01
8.010000000000000000e+02,-2.020110433013659890e-01
8.020000000000000000e+02,-1.992573218379670719e-01
8.030000000000000000e+02,-1.965036003745681548e-01
8.040000000000000000e+02,-1.937498789111692377e-01
8.050000000000000000e+02,-1.922722722722722821e-01
8.060000000000000000e+02,-1.908954115405728236e-01
8.070000000000000000e+02,-1.895185508088733928e-01
8.080000000000000000e+02,-1.881416900771739342e-01
8.090000000000000000e+02,-1.867648293454746422e-01
8.100000000000000000e+02,-1.853879686137751837e-01
8.110000000000000000e+02,-1.840111078820757251e-01
8.120000000000000000e+02,-1.826342471503762943e-01
8.130000000000000000e+02,-1.812573864186768358e-01
8.140000000000000000e+02,-1.796893667861410582e-01
8.150000000000000000e+02,-1.779682908715167489e-01
8.160000000000000000e+02,-1.762472149568924118e-01
8.170000000000000000e+02,-1.745261390422682968e-01
8.180000000000000000e+02,-1.728050631276439597e-01
8.190000000000000000e+02,-1.710839872130196226e-01
8.200000000000000000e+02,-1.693629112983953133e-01
8.210000000000000000e+02,-1.676418353837709763e-01
8.220000000000000000e+02,-1.659207594691466392e-01
8.230000000000000000e+02,-1.641996835545223299e-01
8.240000000000000000e+02,-1.624786076398979928e-01
8.250000000000000000e+02,-1.609997093868063001e-01
8.260000000000000000e+02,-1.600609407061021339e-01
8.270000000000000000e+02,-1.591221720253979399e-01
8.280000000000000000e+02,-1.581834033446937460e-01
8.290000000000000000e+02,-1.572446346639895798e-01
8.300000000000000000e+02,-1.563058659832853858e-01
8.310000000000000000e+02,-1.553670973025812196e-01
8.320000000000000000e+02,-1.544283286218770257e-01
8.330000000000000000e+02,-1.534895599411728317e-01
8.340000000000000000e+02,-1.525507912604687766e-01
8.350000000000000000e+02,-1.516120225797645826e-01
8.360000000000000000e+02,-1.506732538990603887e-01
8.370000000000000000e+02,-1.497344852183562225e-01
8.380000000000000000e+02,-1.487957165376520285e-01
8.390000000000000000e+02,-1.478569478569478346e-01
8.400000000000000000e+02,-1.469181791762436684e-01
8.410000000000000000e+02,-1.459794104955394745e-01
8.420000000000000000e+02,-1.450406418148353915e-01
8.430000000000000000e+02,-1.441018731341312253e-01
8.440000000000000000e+02,-1.431631044534270314e-01
8.450000000000000000e+02,-1.422243357727228652e-01
8.460000000000000000e+02,-1.413397268235977722e-01
8.470000000000000000e+02,-1.404791888662856036e-01
8.480000000000000000e+02,-1.396186509089734629e-01
8.490000000000000000e+02,-1.387581129516612943e-01
8.500000000000000000e+02,-1.378975749943492368e-01
8.510000000000000000e+02,-1.370370370370370960e-01
8.520000000000000000e+02,-1.361764990797249275e-01
8.530000000000000000e+02,-1.352320061997482059e-01
8.540000000000000000e+02,-1.339411992637799531e-01
8.550000000000000000e+02,-1.326503923278117003e-01
8.560000000000000000e+02,-1.313595853918434753e-01
8.570000000000000000e+02,-1.300687784558752225e-01
8.580000000000000000e+02,-1.287779715199071362e-01
8.590000000000000000e+02,-1.274871645839388834e-01
8.600000000000000000e+02,-1.261963576479706306e-01
8.610000000000000000e+02,-1.249055507120023917e-01
8.620000000000000000e+02,-1.236147437760341528e-01
8.630000000000000000e+02,-1.223239368400659000e-01
8.640000000000000000e+02,-1.210331299040976610e-01
8.650000000000000000e+02,-1.197423229681294082e-01
8.660000000000000000e+02,-1.184515160321613081e-01
8.670000000000000000e+02,-1.171607090961930692e-01
8.680000000000000000e+02,-1.158986943933181385e-01
8.690000000000000000e+02,-1.147513104502352610e-01
8.700000000000000000e+02,-1.136039265071523696e-01
8.710000000000000000e+02,-1.124565425640694921e-01
8.720000000000000000e+02,-1.113091586209866146e-01
8.730000000000000000e+02,-1.101617746779037371e-01
8.740000000000000000e+02,-1.090143907348209984e-01
8.750000000000000000e+02,-1.078670067917381070e-01
8.760000000000000000e+02,-1.067196228486552295e-01
8.770000000000000000e+02,-1.055722389055723520e-01
8.780000000000000000e+02,-1.044248549624894745e-01
8.790000000000000000e+02,-1.032774710194065970e-01
8.800000000000000000e+02,-1.019931221544125577e-01
8.810000000000000000e+02,-1.007023152184443049e-01
8.820000000000000000e+02,-9.941150828247621862e-02
8.830000000000000000e+02,-9.812070134650796582e-02
8.840000000000000000e+02,-9.682989441053972690e-02
8.850000000000000000e+02,-9.553908747457147410e-02
8.860000000000000000e+02,-9.424828053860323518e-02
8.870000000000000000e+02,-9.295747360263498238e-02
8.880000000000000000e+02,-9.166666666666674346e-02
8.890000000000000000e+02,-9.037585973069850453e-02
8.900000000000000000e+02,-8.908505279473040439e-02
8.910000000000000000e+02,-8.779424585876216547e-02
8.920000000000000000e+02,-8.650343892279391267e-02
8.930000000000000000e+02,-8.521263198682565987e-02
8.940000000000000000e+02,-8.392182505085742095e-02
8.950000000000000000e+02,-8.254835480641940781e-02
8.960000000000000000e+02,-8.117149407471993539e-02
8.970000000000000000e+02,-7.979463334302047683e-02
8.980000000000000000e+02,-7.841777261132100441e-02
8.990000000000000000e+02,-7.704091187962169851e-02
9.000000000000000000e+02,-7.566405114792222608e-02
9.010000000000000000e+02,-7.428719041622275365e-02
9.020000000000000000e+02,-7.291032968452328122e-02
9.030000000000000000e+02,-7.153346895282380880e-02
9.040000000000000000e+02,-6.893990764958494999e-02
9.050000000000000000e+02,-6.549775582033627586e-02
9.060000000000000000e+02,-6.205560399108760172e-02
9.070000000000000000e+02,-5.861345216183933005e-02
9.080000000000000000e+02,-5.661790823081149643e-02
9.090000000000000000e+02,-5.489683231618718712e-02
9.100000000000000000e+02,-5.317575640156287087e-02
9.110000000000000000e+02,-5.129645774807075481e-02
9.120000000000000000e+02,-4.785430591882214313e-02
9.130000000000000000e+02,-4.516129032258064946e-02
9.140000000000000000e+02,-4.516129032258064946e-02
9.150000000000000000e+02,-1.817301172139912033e-02
9.160000000000000000e+02,-1.473085989215050517e-02
9.170000000000000000e+02,9.680648390325331115e-03
9.180000000000000000e+02,1.656495204882279734e-02
9.190000000000000000e+02,2.344925570732012132e-02
9.200000000000000000e+02,3.033355936581735163e-02
9.210000000000000000e+02,4.118957667344758794e-02
9.220000000000000000e+02,4.463172850269632452e-02
9.230000000000000000e+02,4.807388033194465171e-02
9.240000000000000000e+02,5.151603216119338829e-02
9.250000000000000000e+02,5.328554360812429169e-02
9.260000000000000000e+02,5.500661952274860100e-02
9.270000000000000000e+02,5.672769543737291031e-02
9.280000000000000000e+02,5.883302657496213700e-02
9.290000000000000000e+02,6.227517840421074868e-02
9.300000000000000000e+02,6.531692983305892319e-02
9.310000000000000000e+02,6.761169771922444227e-02
9.320000000000000000e+02,6.990646560539022503e-02
9.330000000000000000e+02,7.220123349155600778e-02
9.340000000000000000e+02,7.449600137772179054e-02
9.350000000000000000e+02,7.679076926388757329e-02
9.360000000000000000e+02,7.908553715005335605e-02
9.370000000000000000e+02,8.138030503621913880e-02
9.380000000000000000e+02,8.367507292238492156e-02
9.390000000000000000e+02,8.596984080855044064e-02
9.400000000000000000e+02,8.826460869471620951e-02
9.410000000000000000e+02,9.050017759695180852e-02
9.420000000000000000e+02,9.222125351157606232e-02
9.430000000000000000e+02,9.394232942620031612e-02
9.440000000000000000e+02,9.566340534082456992e-02
9.450000000000000000e+02,9.799476896251070601e-02
9.460000000000000000e+02,1.014369207917593801e-01
9.470000000000000000e+02,1.048790726210076518e-01
9.480000000000000000e+02,1.083212244502563260e-01
9.490000000000000000e+02,1.110680573046162189e-01
9.500000000000000000e+02,1.133628251907820017e-01
9.510000000000000000e+02,1.156575930769477845e-01
9.520000000000000000e+02,1.179523609631135672e-01
9.530000000000000000e+02,1.202471288492793500e-01
9.540000000000000000e+02,1.225418967354451327e-01
9.550000000000000000e+02,1.234266524589104214e-01
9.560000000000000000e+02,1.242871904162225760e-01
9.570000000000000000e+02,1.251477283735347168e-01
9.580000000000000000e+02,1.260082663308468853e-01
9.590000000000000000e+02,1.268688042881590261e-01
9.600000000000000000e+02,1.277293422454711946e-01
9.610000000000000000e+02,1.285898802027833354e-01
9.620000000000000000e+02,1.290322580645160144e-01
9.630000000000000000e+02,1.290322580645160144e-01
9.640000000000000000e+02,1.290322580645160144e-01
9.650000000000000000e+02,1.290322580645160144e-01
9.660000000000000000e+02,1.290322580645160144e-01
9.670000000000000000e+02,1.290322580645160144e-01
9.680000000000000000e+02,1.290322580645160144e-01
9.690000000000000000e+02,1.290322580645160144e-01
9.700000000000000000e+02,1.290322580645160144e-01
9.710000000000000000e+02,1.290322580645160144e-01
9.720000000000000000e+02,1.290322580645160144e-01
9.730000000000000000e+02,1.290322580645160144e-01
9.740000000000000000e+02,1.290322580645160144e-01
9.750000000000000000e+02,1.290322580645160144e-01
9.760000000000000000e+02,1.290322580645160144e-01
9.770000000000000000e+02,1.290322580645160144e-01
9.780000000000000000e+02,1.290322580645160144e-01
9.790000000000000000e+02,1.290322580645160144e-01
9.800000000000000000e+02,1.290322580645160144e-01
9.810000000000000000e+02,1.264748619587331424e-01
9.820000000000000000e+02,1.230327101294845377e-01
9.830000000000000000e+02,1.195905583002359190e-01
9.840000000000000000e+02,1.161484064709873143e-01
9.850000000000000000e+02,1.144176434499015876e-01
9.860000000000000000e+02,1.126965675352772228e-01
9.870000000000000000e+02,1.109754916206528441e-01
9.880000000000000000e+02,1.093954169222986911e-01
9.890000000000000000e+02,1.082480329792158136e-01
9.900000000000000000e+02,1.071006490361329361e-01
9.910000000000000000e+02,1.059532650930500725e-01
9.920000000000000000e+02,1.048058811499671950e-01
9.930000000000000000e+02,1.036584972068843313e-01
9.940000000000000000e+02,9.893764732474394363e-02
9.950000000000000000e+02,9.205334366624659537e-02
9.960000000000000000e+02,9.032258064516129892e-02
9.970000000000000000e+02,9.032258064516129892e-02
9.980000000000000000e+02,8.387096774193558701e-02
9.990000000000000000e+02,7.741935483870965307e-02
